"","mechanisme","miss_perc","method","scaled_MSE","Var_scaled_MSE","test_MSE","Var_test_MSE","MSE","Var_MSE","F1","Var_F1"
"1","MAR3",0.00478812544888676,"MI_Ranger",0.00162021668630641,2.06374511667436e-07,0.333819149130976,0.00343517960799132,0.372117587947105,0.00588756880769356,0.818542471838704,0.0035058209947884
"2","MAR3",0.0097890564732796,"MI_Ranger",0.00119020691966365,5.09950095298136e-08,0.42842037662049,0.00731953612517114,0.465962913802981,0.0176440677596386,0.797745179200867,0.00668704960697101
"3","MAR3",0.030005586146357,"MI_Ranger",0.00415234364059937,1.21768696038867e-07,1.95508500902891,0.0323316096156673,2.15037831631679,0.120709161236454,0.294307337149755,0.000120401674777628
"4","MAR3",0.0499561088500519,"MI_Ranger",0.00503565614607446,1.14541062931148e-06,2.79728597553228,0.396442011705381,2.85150462757489,0.383022589580286,0.491723154156324,0.00259335970488716
"5","MAR3",0.0700662357353763,"MI_Ranger",0.00304330275483517,2.16846125888781e-07,1.53565421904969,0.0958033286168014,1.56581080044923,0.118195230906782,0.739315276266472,0.00407129080459295
"6","MAR3",0.0998856170031655,"MI_Ranger",0.00994453475256237,1.11027380172785e-06,5.82524342639702,0.572488291030944,5.89078720398618,0.513677596510267,0.295018762931558,0.00266662126531002
"7","MAR3",0.300082462160509,"MI_Ranger",0.0123629905227945,3.03774692661916e-06,4.80420007682377,0.534434582005115,5.21345654613672,0.956232586823383,0.264175244565496,1.28454130433646e-05
"8","MAR3",0.499960098954593,"MI_Ranger",0.0222944240098829,1.05324867336016e-06,6.73789211152729,0.0983355227797308,6.96286579349878,0.105981121954602,0.339996106470206,0.000261929039387325
