"","mechanisme","miss_perc","method","scaled_MSE","Var_scaled_MSE","test_MSE","Var_test_MSE","MSE","Var_MSE","F1","Var_F1"
"1","MAR3",0.00478812544888676,"MICE",0.00381588489537457,4.57262780463511e-07,0.796292973732767,0.00400751012464241,0.968013818959217,0.0279574698110698,0.659227042919322,0.00444185169131862
"2","MAR3",0.0097890564732796,"MICE",0.00333826470319581,1.75063363692475e-07,1.294162993084,0.0279623271353885,1.32000202045151,0.0454729224264411,0.645530256765797,0.00195545476904239
"3","MAR3",0.030005586146357,"MICE",0.00429728628185945,2.17355415732243e-07,1.80722132232917,0.0262853610246105,1.86000361626235,0.0395710511607702,0.581242911620518,0.00103999540648343
"4","MAR3",0.0499561088500519,"MICE",0.00414860647323912,7.52667368147198e-08,1.82760147900571,0.00280174079320362,1.86651379073679,0.00200347419644406,0.54893719234458,0.000108998809323104
"5","MAR3",0.0700662357353763,"MICE",0.00364173631740505,7.87236170525809e-08,1.6029816791809,0.00599688316169949,1.64703028315312,0.00543023824653287,0.562809114385728,0.000254739538159472
"6","MAR3",0.0998856170031655,"MICE",0.0040397167709153,1.52758183023338e-08,1.84898667130168,0.0022930709348215,1.88413809442211,0.00177354821195002,0.524700203961105,0.000390334248014587
"7","MAR3",0.300082462160509,"MICE",0.00827641963957591,2.17310534192197e-07,2.39489058378791,0.0434036263618897,2.43492162546987,0.0473875404837712,0.401595207114733,0.000453313830900079
"8","MAR3",0.499960098954593,"MICE",0.0183128666735086,7.88785710609101e-07,3.12964327611136,0.0678847508999029,3.26729598209342,0.0822133962378055,0.457587107833168,0.000175772599241642
