"","mechanisme","miss_perc","method","scaled_MSE","Var_scaled_MSE","test_MSE","Var_test_MSE","MSE","Var_MSE","F1","Var_F1"
"1","MAR3",0.00478812544888676,"MI_EM",0.0184402476758602,2.75574080218981e-06,0.697957152582442,0.0141460028914652,0.905540193415171,0.00193049622105083,0.777891299981216,0.00269303169167576
"2","MAR3",0.0097890564732796,"MI_EM",0.0171054072749417,5.85577786543295e-07,0.668771155447732,0.000996048344280843,0.862922936483287,0.00340384732972419,0.762847376997973,0.00133357145048771
"3","MAR3",0.030005586146357,"MI_EM",0.0153120189404062,5.83027545911757e-07,0.940165860657946,0.00457817185035118,1.07914277759124,0.00344179076537409,0.709530541051617,0.00204089120174574
"4","MAR3",0.0499561088500519,"MI_EM",0.0143517761138946,2.87422230388706e-07,0.904195674005658,0.00189003666525646,1.0778897555493,0.00101671326555779,0.678072882059078,0.000405922419458884
"5","MAR3",0.0700662357353763,"MI_EM",0.0132891958768711,2.14822901426732e-07,0.938727335057405,0.00352817739720701,1.08151226740272,0.0032189842972024,0.629766612928441,0.000316144046276146
"6","MAR3",0.0998856170031655,"MI_EM",0.0130796902973421,3.82044367591249e-07,1.05411241882458,0.00305709977677602,1.22696003342445,0.00436168588673204,0.595008176139467,0.00110785973969542
"7","MAR3",0.300082462160509,"MI_EM",0.0133531811773194,1.6298442062467e-07,1.67285158360624,0.00334044505569847,1.84677167178257,0.00356237999628765,0.341145921368099,5.92776271083895e-05
"8","MAR3",0.499960098954593,"MI_EM",0.0156812951831386,8.16006665446495e-08,1.3975828156855,0.00110874161509171,1.55192690231943,0.00131037346669697,0.324299510281412,3.42673207495201e-05
