"","mechanisme","miss_perc","method","scaled_MSE","Var_scaled_MSE","test_MSE","Var_test_MSE","MSE","Var_MSE","F1","Var_F1"
"1","MNAR1",0.00515521506663475,"PCA",0.00721131028980767,4.75463527646563e-06,1.45712609512009,0.656839819225903,1.32161671482332,0.378725823834966,0.484644018692006,0.0128665511239145
"2","MNAR1",0.00902295640145772,"PCA",0.00561763786767759,3.85724247262695e-07,1.28822918598535,0.228180853758186,1.30039675611917,0.217939104201823,0.535475061926318,0.0106241458901862
"3","MNAR1",0.0289681589657649,"PCA",0.00899198004794305,5.5720734573303e-05,3.9379453894931,35.5687136902267,3.34122917804885,22.0873495385361,0.543686280051079,0.000919892051716635
"4","MNAR1",0.0496422206261804,"PCA",0.00850057528907149,3.19272822452778e-05,2.79387741047504,10.9834295764744,3.07234377355088,14.7301148993933,0.510229946934375,0.00175122114363481
"5","MNAR1",0.0701194371292528,"PCA",0.00588879551753028,6.34771111046135e-07,1.21910875935552,0.0327095737079255,1.20907625938009,0.0397387828594757,0.490631683280576,0.000885487180192532
"6","MNAR1",0.0999122177001037,"PCA",0.00891261864971819,2.0813893507319e-05,2.8557061128217,5.37321755156286,3.19889516865757,7.54992036402639,0.489538710273245,0.000756591382740997
"7","MNAR1",0.299401484318889,"PCA",0.00918243742966484,2.42791977750775e-05,1.59539683865259,0.392313865917315,1.54376601017361,0.258658950941099,0.463198715769332,0.000380459303939
"8","MNAR1",0.495475221450802,"PCA",0.00962340099286634,1.04302346909535e-05,1.4748599305139,0.0169812196759095,1.49587026516995,0.0285695114416103,0.46720609977358,0.000289367625081113
