"","mechanisme","miss_perc","method","scaled_MSE","Var_scaled_MSE","test_MSE","Var_test_MSE","MSE","Var_MSE","F1","Var_F1"
"1","MNAR1",0.00528289841193839,"MICE",0.00362914538193012,8.74771935813113e-07,1.26605341581148,0.154349720433938,1.41656422961587,0.155863664303244,0.521165386900681,0.00416151414842163
"2","MNAR1",0.00956029047961057,"MICE",0.00334917693056083,3.01365809237275e-07,0.827817231049833,0.104741796451224,0.895236049428786,0.144017481991234,0.51193644079889,0.00292127165045332
"3","MNAR1",0.0293458888622882,"MICE",0.00337959772673603,3.18476918543519e-07,0.871961461281991,0.0641290525982769,0.928199242144871,0.0557633502698762,0.502944760633194,0.00017984611122602
"4","MNAR1",0.0501742345649456,"MICE",0.00429877256114534,5.10175653605966e-08,1.0846123400332,0.00110488010676057,1.20149914769498,0.0103525634513153,0.492861898689474,0.000644601431721857
"5","MNAR1",0.0690820099486607,"MICE",0.00426243598619235,8.88596063983813e-08,1.06873005141323,0.00979071094377922,1.1514166890185,0.0089063956347756,0.477270390217988,0.000554117178165118
"6","MNAR1",0.100534674008459,"MICE",0.00450983434568649,3.00926401093314e-08,1.01352451835805,0.00687256770151415,1.13517685891825,0.00796350602822382,0.483425471682517,0.000260666427766187
"7","MNAR1",0.30171042481313,"MICE",0.00615727590211916,8.95001783627238e-08,1.08683502413124,0.00373561393345037,1.18328851851238,0.00170519507499608,0.464579707161029,3.00614575191687e-05
"8","MNAR1",0.495730588141409,"MICE",0.00707528834717873,2.94647917290183e-07,1.07223380098687,0.00401922647696676,1.16264670278297,0.00196353474487233,0.467492018691029,1.72118354133287e-05
