"","mechanisme","miss_perc","method","scaled_MSE","Var_scaled_MSE","test_MSE","Var_test_MSE","MSE","Var_MSE","F1","Var_F1"
"1","MNAR2",0.0050275317213311,"EM",0.0397969552751795,1.33415489136286e-05,2.20102924025986,0.0873459438117912,2.45974773325843,0.0697367068149958,NA,NA
"2","MNAR2",0.0100550634426622,"EM",0.0432548708595026,1.48740460029571e-05,2.05903928318128,0.0258487535147577,2.16930748065921,0.0174835581901437,NA,NA
"3","MNAR2",0.0299257840555423,"EM",0.0483686617796642,1.29541270353712e-05,2.21116854879895,0.0197773568933822,2.53325757437205,0.0116000822052231,NA,NA
"4","MNAR2",0.0500359109408667,"EM",0.0473611605824782,4.4942562676875e-06,2.20713289855581,0.019177520721395,2.54701681045098,0.0271025490861108,NA,NA
"5","MNAR2",0.0699066315537467,"EM",0.0418487302123728,5.72624928503945e-06,2.0344240796523,0.00937514623380288,2.35839490124811,0.0059228281403027,NA,NA
"6","MNAR2",0.100071821881733,"EM",0.041048001280288,3.11232856612513e-06,2.01831854277557,0.0025253939799418,2.35614047441975,0.00521558432893698,NA,NA
"7","MNAR2",0.299976059372756,"EM",0.0457880900641115,1.22089097816223e-07,2.39772219507085,0.000890697557929909,2.72833556951234,0.00163357188239678,NA,NA
"8","MNAR2",0.499880296863778,"EM",0.0610113270145235,3.48658553539997e-06,3.05242816746145,0.0100137527861374,3.42864596102307,0.00737711278331332,NA,NA
