"","mechanisme","miss_perc","method","scaled_MSE","Var_scaled_MSE","test_MSE","Var_test_MSE","MSE","Var_MSE","F1","Var_F1"
"1","MCAR",0.00483600670337563,"kNN",0.00242818542954689,6.03666390438681e-07,0.694580143879677,0.162680233456053,0.786929933006864,0.150845447644044,0.606897546897547,0.00613020964897571
"2","MCAR",0.00998058149123507,"kNN",0.00342983518196109,1.76269843624041e-07,0.92996311080931,0.0469103345108099,1.05302081793214,0.0289390592869804,0.520479508071056,0.00313423278058288
"3","MCAR",0.0301173090734977,"kNN",0.00259177545758965,1.17567255719912e-07,0.737306405760815,0.00166058398525459,0.782479126631065,0.00973281842570065,0.465019298475875,0.00145603703809667
"4","MCAR",0.0502274359588221,"kNN",0.00284823187882262,6.79865321333445e-08,0.670784003458767,0.00429168503015007,0.79088038734628,0.00541257470444196,0.522804057576514,0.00118958309787356
"5","MCAR",0.0708642566435241,"kNN",0.00321458657453406,3.14676667174155e-08,0.74953446001315,0.00791878177759599,0.872191613403398,0.0200457970109817,0.502007534754424,0.000272004617860745
"6","MCAR",0.099465325991541,"kNN",0.00376472489960986,1.22568641612914e-07,0.82100858142208,0.00592130480830876,0.966626648029389,0.00808637185035674,0.507319182641445,0.000127768961535062
"7","MCAR",0.300226105923975,"kNN",0.00607525735522676,4.86779881829069e-08,0.852044190663764,0.00374094527536683,0.994950918523025,0.00652215494786972,0.499100594765548,6.21674049004103e-05
"8","MCAR",0.49733727023648,"kNN",0.00884170077997759,3.79643222186097e-08,0.964939963265243,0.00295970957864494,1.14117521132906,0.00397862357638082,0.502699610652876,4.72639500418234e-05
