"","mechanisme","miss_perc","method","scaled_MSE","Var_scaled_MSE","test_MSE","Var_test_MSE","MSE","Var_MSE","F1","Var_F1"
"1","MNAR1",0.00514989492724709,"missForest",0.00297877782687668,3.26709693247597e-07,0.931692035905013,0.21755092127738,0.956849633278202,0.1557496589177,0.49382115433586,0.000531570921959467
"2","MNAR1",0.00946452797063283,"missForest",0.00293936784631762,3.36376567800379e-07,0.822881410049585,0.0390016560695571,0.81122440390841,0.0432072567571562,0.470251934304684,0.0120690951806254
"3","MNAR1",0.0300907083765595,"missForest",0.00295613735102416,4.91938436021335e-08,0.95568690925892,0.0226710520197869,0.897737835450861,0.0128623117611779,0.483767152440097,0.000274997475485258
"4","MNAR1",0.0506317665522837,"missForest",0.00325713508366563,3.19663007346327e-07,0.821019368285397,0.0208342831236407,0.800910050996201,0.0185662556301595,0.495796951783424,0.000310023303215775
"5","MNAR1",0.0716675976910595,"missForest",0.00355489267818039,2.42310491287196e-07,0.844874296856978,0.0147892402939185,0.844229532387342,0.0114525573387908,0.489162771329988,0.000171752434193895
"6","MNAR1",0.100790040699066,"missForest",0.00388869817324627,3.86036875982823e-07,0.940222267476801,0.00970332218783708,0.96561328887306,0.0168893791259347,0.484357085775952,0.00048684165557515
"7","MNAR1",0.300609155959886,"missForest",0.00429673898725479,9.84382192486876e-08,1.02393173541517,0.000469429409506772,1.07875026317536,0.000241329490000133,0.494565856832953,0.000163881043129054
"8","MNAR1",0.494831484584896,"missForest",0.00565116927968348,1.20867600009187e-07,1.10453095608058,0.00376593171555511,1.25951900516713,0.00503813521888861,0.483258520335851,3.44348374777153e-05
