"","mechanisme","miss_perc","method","scaled_MSE","Var_scaled_MSE","test_MSE","Var_test_MSE","MSE","Var_MSE","F1","Var_F1"
"1","MAR2",0.00446891708562764,"MICE",0.00333952099516481,4.0381944327384e-08,1.23237989406166,0.0101690298435768,1.20072408950723,0.0266615247735982,0.3454947177006,0.00805823435180597
"2","MAR2",0.00893783417125529,"MICE",0.00482682621312827,4.57127116979342e-07,1.30990378632861,0.012532774798611,1.35065326506586,0.00846933944560132,0.29692238299344,0.0024328259783197
"3","MAR2",0.0266006969382598,"MICE",0.0065216522188408,8.95496005897601e-08,2.11837796993271,0.0429656684601689,2.16918198725907,0.0472631505590637,0.229605230599949,0.000408954689982993
"4","MAR2",0.0444763652807704,"MICE",0.00631897118978433,6.22453360219924e-07,2.17406773205898,0.0574491670298076,2.2477913312798,0.0587218230391442,0.265813070125545,0.00132598014814167
"5","MAR2",0.0621392280477749,"MICE",0.0072282125185585,6.29761041464471e-07,2.3508038191021,0.100713088726108,2.41585786258414,0.0868784198659033,0.239171943919698,0.000683524475476131
"6","MAR2",0.0889527305615407,"MICE",0.00817240545556103,1.0556310239711e-06,2.37315708545625,0.046371839873511,2.43308803117595,0.0574889791922014,0.238315895539307,0.000343775738508054
"7","MAR2",0.266645386109116,"MICE",0.0132203711443486,9.19843458194992e-07,3.27413773686365,0.204002388224507,3.37876305410278,0.182465536504812,0.238834526158619,4.22518235606784e-05
"8","MAR2",0.444338041656691,"MICE",0.0164556687684974,1.84155657544174e-06,3.26167920362005,0.112115927351257,3.39412881304555,0.136304253897658,0.282389361937595,5.08920672928737e-05
