"","mechanisme","miss_perc","method","scaled_MSE","Var_scaled_MSE","MSE","Var_MSE","F1","Var_F1"
"1","MAR1",0.00508073311520762,"kNN",0.00463890967416686,7.91105700462328e-07,0.926388986099571,0.331421767147242,0.505366092241092,0.00386709882357598
"2","MAR1",0.00909743835288485,"kNN",0.00471425454061001,1.7267329924538e-06,1.11634918917069,0.0841912302907294,0.521447848434875,0.0139590685020531
"3","MAR1",0.0290852020322932,"kNN",0.0046880235394574,1.15629328434731e-07,0.938071944962768,0.00543143680005164,0.461262405497039,0.00323342698392966
"4","MAR1",0.0500039901045407,"kNN",0.00516172520224202,2.74092939507594e-09,0.961298704361959,0.0147814179632971,0.502450857782228,5.48188243618529e-05
"5","MAR1",0.0705982496741415,"kNN",0.00529741043722909,6.21079405622488e-08,1.13120679131524,0.0117678094490533,0.478964227029652,0.000111822074042292
"6","MAR1",0.0991727183252201,"kNN",0.00575709396400521,1.3482823083745e-07,1.10004079495713,0.00804165821970482,0.486206756746793,0.000272042627116975
"7","MAR1",0.301673183837417,"kNN",0.00746715600701218,1.49865343838298e-07,1.32716410095444,0.0091293827594044,0.474309947714915,0.000113228374472881
"8","MAR1",0.496225361104461,"kNN",0.00969783923922591,1.71901435046824e-07,1.46899517609772,0.00743879103559883,0.442729260198081,5.04894438880808e-05
