"","mechanisme","miss_perc","method","scaled_MSE","Var_scaled_MSE","test_MSE","Var_test_MSE","MSE","Var_MSE","F1","Var_F1"
"1","MAR2",0.00446891708562764,"MI_Ranger",0.00418667948821837,6.72495369378839e-07,0.468258541533007,0.00578752515084949,0.485519237922371,0.00944356149763398,0.815403958786312,0.0129191744851113
"2","MAR2",0.00893783417125529,"MI_Ranger",0.0046104030942784,4.19432958656931e-07,0.341363892195728,0.000776545806832688,0.395441445261752,0.00662131938968147,0.829014064382913,0.000366752205591933
"9","MAR2",0.0266006969382598,"MI_Ranger",0.00637753959542106,6.1123993463947e-07,1.0813624005738,0.0130185590978335,1.11780553273658,0.011964436176516,0.855698607473914,1.44307076720286e-05
"10","MAR2",0.0444763652807704,"MI_Ranger",0.00735622072997984,2.54682380754265e-06,1.03208949878627,0.0663187367544031,1.04177609891758,0.0868529242442207,0.69167044240502,0.0201838970798918
"11","MAR2",0.0621392280477749,"MI_Ranger",0.0064211510880612,1.18906147990918e-07,0.756312860885152,0.0105977185795076,0.776082108196589,0.0117899980740136,0.820302170418889,7.19305453281279e-05
"12","MAR2",0.0889527305615407,"MI_Ranger",0.00728501770590866,6.11221486178804e-07,1.06754545792874,0.0390754823847984,1.05566606397083,0.0410439336049798,0.765848960778041,9.83863130425591e-05
"13","MAR2",0.266645386109116,"MI_Ranger",0.01370160173661,4.86261008709829e-06,1.29431078322301,0.109519586437381,1.35045358747173,0.183571169147779,0.612640939889522,0.0144146163834872
"14","MAR2",0.444338041656691,"MI_Ranger",0.0256705591535147,6.0123682477113e-06,1.81922455940588,0.0792408401340852,1.89362428201461,0.0760480493720596,0.277214440063024,0.0045037126574194
