"","mechanisme","miss_perc","method","scaled_MSE","Var_scaled_MSE","test_MSE","Var_test_MSE","MSE","Var_MSE","F1","Var_F1"
"1","MNAR1",0.00525097757561248,"MI_Ranger",0.00636892046558021,5.8139290643832e-06,0.938576526668888,0.264313255709162,1.08680734767944,0.2229763657661,0.459233961128311,0.003740964008107
"2","MNAR1",0.00961881201287474,"MI_Ranger",0.00565496267864659,1.34092445606182e-06,1.06368298196889,0.118342034610274,1.19426010691942,0.134482465371583,0.483568624448335,0.00772380084213497
"3","MNAR1",0.0287234325539329,"MI_Ranger",0.00529308659753352,4.7572540470775e-07,1.07701805262508,0.0791234638750406,1.15806078853101,0.0574249460081763,0.428739442716651,0.00541885571481038
"4","MNAR1",0.0492538504508818,"MI_Ranger",0.00607185147074991,1.90313915437923e-07,1.1732002415855,0.0162169721351244,1.25493287514485,0.0126229369398495,0.482465741038585,0.000275235656697281
"5","MNAR1",0.06967254542069,"MI_Ranger",0.00594746081343322,7.37209170784903e-07,1.12412241718011,0.0131994647090842,1.24864784440598,0.011038667781621,0.463468809714698,0.000792191283963148
"6","MNAR1",0.100071821881733,"MI_Ranger",0.00645255511988865,1.37386983299064e-06,1.24924686624353,0.050272729804526,1.3952706958242,0.0536985484344112,0.432017290266285,0.000319727584990986
"7","MNAR1",0.302455244327401,"MI_Ranger",0.00712399179780079,1.96983523755198e-06,1.21046081873893,0.00855599758109599,1.27984599769933,0.0134805816165275,0.462257292914992,0.0003418376666656
"8","MNAR1",0.495384779081212,"MI_Ranger",0.00732224871279847,3.12677669898393e-07,1.15611568265433,0.0106076928613096,1.2460887208215,0.0154845736999666,0.433772122195008,0.00158957804548149
