"","mechanisme","miss_perc","method","scaled_MSE","Var_scaled_MSE","test_MSE","Var_test_MSE","MSE","Var_MSE","F1","Var_F1"
"1","MNAR2",0.0050275317213311,"MICE",0.0731631560658609,1.51994683412426e-05,2.23539165267509,0.0706325761353374,2.38728964229436,0.200910423744784,0.36343189898337,0.00145734140964249
"2","MNAR2",0.0100550634426622,"MICE",0.0736258758170813,1.51728121145259e-06,2.14708306452521,0.0135775791057751,2.15271222043108,0.023102896474521,0.371440188125335,0.00128050927738662
"3","MNAR2",0.0299257840555423,"MICE",0.0742546061588134,1.38954570924417e-05,2.60061559423412,0.00309295890305641,2.57825470330801,0.00262785549372471,0.307510547473716,0.00143360814903567
"4","MNAR2",0.0500359109408667,"MICE",0.0679530064191706,2.26134030316175e-06,2.4647141047309,0.00133588316287841,2.50017203761303,0.00158515530944174,0.285581192887137,0.000171701890116377
"5","MNAR2",0.0699066315537467,"MICE",0.0635237595872247,4.00296453095251e-06,2.26035539715638,0.00184931965363099,2.3147526866893,0.00582743152159136,0.224676804355356,0.000234668984369035
"6","MNAR2",0.100071821881733,"MICE",0.059566064238084,6.99039338747922e-06,2.24604486827221,0.00803387270505898,2.27646597240604,0.00604464924484182,0.205813005179095,5.12493768177477e-05
"7","MNAR2",0.299976059372756,"MICE",0.0517992402140776,3.46048080954853e-06,2.27525811841765,0.00215742453822883,2.33342674451307,0.00288909432714195,NA,NA
"8","MNAR2",0.499880296863778,"MICE",0.0557132966892706,2.24136809841099e-07,2.82498270087588,0.00158439562236712,2.88727130228913,0.0012846057579661,0.0578028574749533,1.65520863787678e-05
