"","mechanisme","miss_perc","method","scaled_MSE","Var_scaled_MSE","test_MSE","Var_test_MSE","MSE","Var_MSE","F1","Var_F1"
"1","MAR2",0.00446891708562764,"MI_EM",0.0248196319062393,1.36778411348761e-06,0.36066841228771,0.0063637305574031,0.452662372869936,0.00687776117650251,0.811252775002775,0.0018834103194245
"2","MAR2",0.00893783417125529,"MI_EM",0.0246823750332714,1.43161158322216e-06,0.403923977042141,0.00174969801730443,0.503502433393399,0.000209099197753704,0.785314403695588,0.000731382299750648
"3","MAR2",0.0266006969382598,"MI_EM",0.0188836645056636,6.50568367674904e-07,0.415311970927664,0.00071310260895454,0.534035909534046,0.000205533223947123,0.796585683953223,0.000501070036503793
"4","MAR2",0.0444763652807704,"MI_EM",0.01689235131667,5.70040602189579e-07,0.42274956136502,0.000191240149860317,0.526941624879265,0.00091113718757621,0.759065512557369,0.000658047536997631
"5","MAR2",0.0621392280477749,"MI_EM",0.0161820668640171,3.86216355017104e-07,0.484526850160388,0.000111520888699132,0.568763590669087,0.000272060010336985,0.731024864173624,0.000598276457653283
"6","MAR2",0.0889527305615407,"MI_EM",0.0155484740781704,2.16509694596036e-07,0.502926141572407,0.000780199100916833,0.598512905418875,0.000820537042833285,0.71127420415632,0.000121103004588688
"7","MAR2",0.266645386109116,"MI_EM",0.0156164704764922,8.50653338491714e-07,0.965438487381526,0.00125075856557638,1.08781314696834,0.00147000784338349,0.507445055590451,0.000210767514248802
"8","MAR2",0.444338041656691,"MI_EM",0.0199722640947982,7.24062208854751e-07,1.13936002700367,0.000249462082934423,1.27284664045802,0.00052584935170645,0.402776113357125,1.14185089592173e-05
