"","mechanisme","miss_perc","method","scaled_MSE","Var_scaled_MSE","test_MSE","Var_test_MSE","MSE","Var_MSE","F1","Var_F1"
"1","MAR3",0.00478812544888676,"PCA",0.0240660801599612,3.64417643038868e-06,1.31316244828354,0.043111178549067,1.36666829906171,0.0537928033919825,0.838548500923713,0.00018449852510541
"2","MAR3",0.0097890564732796,"PCA",0.0200295941752781,2.10952685291309e-06,0.802121876896684,0.0204591580039095,0.855293527186801,0.0137604153933126,0.83454592383499,3.10126084577591e-05
"3","MAR3",0.030005586146357,"PCA",0.0155868926680304,2.32695471489122e-07,0.509149194396853,0.00069642145265705,0.502742367944347,0.00125070714128056,0.847086324375779,9.94552499658762e-05
"4","MAR3",0.0499561088500519,"PCA",0.0154120140757625,1.05307461725165e-06,0.642298211014204,0.000782079114200544,0.635130838372563,0.00133592621084569,0.814936058626898,4.4617109391487e-05
"5","MAR3",0.0700662357353763,"PCA",0.0141485214993628,5.34184382285513e-07,0.733391632853664,0.000668408204474216,0.72308367778306,0.00071369871956935,0.790496461691268,4.86816341722821e-05
"6","MAR3",0.0998856170031655,"PCA",0.0124728817386059,1.90760665327705e-07,0.807853747589252,0.000530143632720184,0.774747031487258,0.000336232029620685,0.758168401734439,1.35150739148104e-05
"7","MAR3",0.300082462160509,"PCA",0.0176099253991165,1.12051086530782e-06,4.28674829054748,0.260398765895198,4.52954541770308,0.2678176801984,0.265237931328413,7.04084951188365e-06
"8","MAR3",0.499960098954593,"PCA",0.0121857472220891,5.22568395339727e-07,4.51986029702734,0.0791043760180517,4.52975974338478,0.0696540904018915,0.328617489934173,6.21917614752612e-05
