"","mechanisme","miss_perc","method","scaled_MSE","Var_scaled_MSE","test_MSE","Var_test_MSE","MSE","Var_MSE","F1","Var_F1"
"1","MNAR1",0.00487324767908919,"PCA",0.0291709556675321,0.0025247623168273,14.1643979827147,797.831989742722,15.6302859288833,982.867736423249,0.546590909090909,0.00608223038172646
"2","MNAR1",0.00926768281328971,"PCA",0.0106512967988216,0.000157367743728402,6.12382452165765,128.375780481916,5.155142036599,92.4219417021741,0.508579031227057,0.00834156005016613
"3","MNAR1",0.0292926874684117,"PCA",0.00590075757571041,2.15899809334491e-07,1.22464398116924,0.0270351253769882,1.24354956531204,0.0146665622181135,0.514804437270807,0.00041909253809887
"4","MNAR1",0.0486207538637512,"PCA",0.00529607722875284,1.1666913993552e-07,1.00874117037869,0.00278287192008072,1.04117350924212,0.00540151462271631,0.528090371531412,0.000965500514198824
"5","MNAR1",0.0698055489053813,"PCA",0.00637218172267353,2.65277968187546e-06,1.25804932783133,0.0238490054398281,1.2792400328567,0.023659378532388,0.475795132760286,0.000325188546182138
"6","MNAR1",0.100508073311521,"PCA",0.00657399876817135,2.89719655305164e-06,1.13647768010928,0.016984106590946,1.13942728880826,0.0217787285304707,0.495206859006433,0.000695232263236273
"7","MNAR1",0.299305721809911,"PCA",0.00832271132749627,9.54006819617959e-06,1.34627458461088,0.0125716650544364,1.31123577171355,0.00705804640853397,0.45354482559862,0.000421090737724024
"8","MNAR1",0.496890378527917,"PCA",0.00822195191954226,1.06249417705205e-07,1.39351633112528,0.000679147644592018,1.41094374745143,0.00353213371280312,0.461393496943382,0.000342567151009768
