"","mechanisme","miss_perc","method","scaled_MSE","Var_scaled_MSE","test_MSE","Var_test_MSE","MSE","Var_MSE","F1","Var_F1"
"1","MNAR1",0.00512861436969649,"EM",0.0045112885752222,1.22682834888513e-06,1.06190663038615,0.236379013185574,1.4255942884036,0.334900168695054,0.552552161890397,0.018489104830106
"2","MNAR1",0.00928896337084032,"EM",0.00518867231796494,2.63542985655136e-06,1.36246426353232,0.374261706485999,1.54170205997971,0.312469386683505,0.493730752942709,0.00866102849572086
"3","MNAR1",0.0292501263533105,"EM",0.00464886713330721,3.53974232009852e-07,1.19327889488941,0.0118914732876874,1.45309317661908,0.0451398619883131,0.524560031293446,0.00149694541171163
"4","MNAR1",0.050136993589232,"EM",0.00677662270791227,1.60450227240852e-05,1.53103263435785,0.523887846034004,1.91229111759343,1.08352790431403,0.540366465748727,0.00133286754747725
"5","MNAR1",0.0706248503710797,"EM",0.00617699289839826,1.67127930996065e-06,1.40651265238993,0.204833802406914,1.64518532636005,0.23561325328487,0.533061998959474,0.000801143625116527
"6","MNAR1",0.101502939377012,"EM",0.00635151742582448,5.20462367162387e-06,1.29209572041831,0.11170395123607,1.58735915836221,0.259493110142082,0.522028471636358,0.000315284560660632
"7","MNAR1",0.302024313037002,"EM",0.00883982671748212,2.91316216662317e-05,1.21330861800485,0.00452461155099227,1.43541029444798,0.0227864646417045,0.349506892406034,0.0159730095066665
"8","MNAR1",0.495725268002022,"EM",0.00850120613744,7.17072294895606e-08,1.218330417959,0.00137481139580062,1.45293919429573,0.000906970568775086,0.319319489124361,0.00133477171781426
