"","mechanisme","miss_perc","method","scaled_MSE","Var_scaled_MSE","test_MSE","Var_test_MSE","MSE","Var_MSE","F1","Var_F1"
"1","MAR3",0.00478812544888676,"missRanger",0.00137727294387839,4.62160485432706e-08,0.275279518624233,0.000346712196275427,0.342433555889905,0.00057617354148648,0.797908722645698,0.00950098405942493
"2","MAR3",0.0097890564732796,"missRanger",0.00136818646876395,8.13690408507186e-08,0.441656059176339,0.000946203049197321,0.442172752223762,0.0101229004673157,0.845472690462176,0.000110475522613948
"3","MAR3",0.030005586146357,"missRanger",0.00323571933927084,7.1684062030689e-08,1.63128964511045,0.104948468880455,1.69487312310783,0.130211136153566,0.302114935382301,0.000542037952542844
"4","MAR3",0.0499561088500519,"missRanger",0.0042921666201622,2.76152088959154e-07,2.49925578880955,0.118527112476592,2.55606563534482,0.117849625923701,0.469563898493712,0.0210479396814629
"5","MAR3",0.0700662357353763,"missRanger",0.00297116836146647,1.55288650511856e-07,1.3788162283056,0.0701103561268255,1.37987484850928,0.0581389400891815,0.764636955679202,0.00297830297210492
"6","MAR3",0.0998856170031655,"missRanger",0.0095734637715687,3.78075091356256e-06,5.68617223383014,2.36110176145942,5.80583358367288,1.87074193287302,0.280720077917317,0.00079352429950845
"7","MAR3",0.300082462160509,"missRanger",0.0129087866420605,5.80551997900017e-06,5.34491089527506,2.24044258354508,5.84464734754121,2.93193732674847,0.263227691846332,7.19831565371936e-05
"8","MAR3",0.499960098954593,"missRanger",0.0211605220950227,6.97365135109528e-07,6.39295238741778,0.241146214428238,6.52474875093653,0.318647719841391,0.340799414247795,0.000291989575767628
