"","mechanisme","miss_perc","method","scaled_MSE","Var_scaled_MSE","test_MSE","Var_test_MSE","MSE","Var_MSE","F1","Var_F1"
"1","MNAR2",0.0050275317213311,"MI_EM",0.0326226630719104,7.47532619416234e-06,1.81342232552099,0.0101985856954073,1.86261609079153,0.0290952021799226,0.368293650793651,0.00123792293059907
"2","MNAR2",0.0100550634426622,"MI_EM",0.0381289999448987,2.20704396356815e-06,1.72403802324195,0.0083323411161764,1.71776983870133,0.00691518321326511,0.363679538212561,0.00148109325076801
"3","MNAR2",0.0299257840555423,"MI_EM",0.0407914688751348,6.47640386537752e-06,2.02620120604627,0.0112679523378223,2.09916446960826,0.00403753251689589,0.326214144734962,0.00116299928481462
"4","MNAR2",0.0500359109408667,"MI_EM",0.0378396366702161,7.32244655402328e-07,1.92913486825174,0.00171509972747319,1.99581291119116,0.0107911287496316,0.29792869381625,0.00163862902155242
"5","MNAR2",0.0699066315537467,"MI_EM",0.0376865336175305,5.81664074198971e-06,1.83506524885095,0.00646143498276109,1.94636278197448,0.00667070674738484,0.261071308302815,0.00159892994980292
"6","MNAR2",0.100071821881733,"MI_EM",0.0346692254665078,1.15880061971612e-06,1.82452618558129,0.000411049012767487,1.88413057813989,6.99230596093878e-05,0.251394563358828,0.00159329205634522
"7","MNAR2",0.299976059372756,"MI_EM",0.0394836487717901,6.31260654495835e-07,2.31222900830775,0.00104268436826062,2.2929350472395,0.00112808474484813,0.0192690957511743,4.4025280362802e-06
"8","MNAR2",0.499880296863778,"MI_EM",0.0461350711010849,2.33786062282202e-06,3.53847368036636,0.000477558440788259,2.30570965155832,0.00109327244022848,0.14140982821979,2.94864180718715e-06
