"","mechanisme","miss_perc","method","scaled_MSE","Var_scaled_MSE","test_MSE","Var_test_MSE","MSE","Var_MSE","F1","Var_F1"
"1","MNAR2",0.0050275317213311,"missRanger",0.0649859026067874,0.000274363597952069,2.53290407680918,0.433357175196147,2.85830688557321,0.507346942250882,NA,NA
"2","MNAR2",0.0100550634426622,"missRanger",0.0616829390576757,0.000397467555621779,2.40300411907137,0.525052204290027,2.59693907471266,0.57081517448713,0.268172400906973,0.00414260756546629
"3","MNAR2",0.0299257840555423,"missRanger",0.0590388763262921,0.000353735594379591,2.25899406077609,0.770554291983714,2.50175121518379,0.804220037175455,0.225977138603774,0.00153364064297462
"4","MNAR2",0.0500359109408667,"missRanger",0.0577088934866703,6.93159539128177e-05,2.13073153139906,0.25534003033384,2.34520167773342,0.267332600757233,0.246304423271921,0.000189748113601127
"5","MNAR2",0.0699066315537467,"missRanger",0.0524612271548695,0.000128552675214254,1.79259267083237,0.13889040230833,1.90996779437436,0.147290517237606,0.203196598922139,0.00063037893880511
"6","MNAR2",0.100071821881733,"missRanger",0.043277785238339,6.72299252711304e-05,2.08203942217427,0.132771974338135,2.31673738308492,0.137327883589046,0.176293917191022,0.00113061074631623
"7","MNAR2",0.299976059372756,"missRanger",0.0417776913153408,2.29320582398259e-05,2.03070942068613,0.0262276066743535,2.14158677492296,0.0293339164208084,NA,NA
"8","MNAR2",0.499880296863778,"missRanger",0.0450562169985629,2.50927477721551e-05,2.87555692907154,0.0180663720110634,3.01799218573566,0.0226507275172791,NA,NA
