"","mechanisme","miss_perc","method","scaled_MSE","Var_scaled_MSE","test_MSE","Var_test_MSE","MSE","Var_MSE","F1","Var_F1"
"1","MNAR2",0.0050275317213311,"PCA",0.0308399523676234,9.8309678875024e-07,1.50604873158652,1.14585574358964e-05,1.46529827875281,0.00670672980044444,NA,NA
"2","MNAR2",0.0100550634426622,"PCA",0.0370337604940348,8.70993291582068e-06,1.53018687804004,0.00110316434161709,1.41774966780351,0.0143947518229852,0.266775313378387,0.00407969524330484
"3","MNAR2",0.0299257840555423,"PCA",0.0404395464398518,2.75052473003929e-06,1.73952742898564,8.65560216824304e-05,1.79898790664005,0.00553909291029007,0.183728965837828,0.000842909124719241
"4","MNAR2",0.0500359109408667,"PCA",0.0379200109690479,1.52878964131491e-06,1.58432137598188,7.83160004915842e-05,1.73763239918349,0.00295247874447833,0.129582068013958,0.000433701131479823
"5","MNAR2",0.0699066315537467,"PCA",0.0345086356996815,4.66699687508723e-06,1.74383705881754,0.0281377263011716,1.66538099685,0.00427400656497188,0.104562534487492,0.000225842643688645
"6","MNAR2",0.100071821881733,"PCA",0.0328016333819952,2.51251975829753e-06,1.67616650221314,0.0167136587866177,1.57851754375048,0.00538302443830493,NA,NA
"7","MNAR2",0.299976059372756,"PCA",0.0401294882796695,1.76096657556636e-06,2.16978186967247,0.0445253612373655,2.1836655889606,0.0571406870281515,NA,NA
"8","MNAR2",0.499880296863778,"PCA",0.0544300481829988,4.30586511283317e-06,2.56524993226591,0.0233947489428538,2.64066689820506,0.0276154267322691,0.00957516803788197,4.04676322114283e-06
