"","mechanisme","miss_perc","method","scaled_MSE","Var_scaled_MSE","test_MSE","Var_test_MSE","MSE","Var_MSE","F1","Var_F1"
"1","MNAR1",0.00496901018806693,"kNN",0.00509890599981729,1.12785862331957e-06,1.32339335510357,0.507983684215208,1.53752117735961,0.904257584048649,NA,NA
"2","MNAR1",0.00959221131593648,"kNN",0.00523309395495635,3.77740651200145e-06,0.879552341813122,0.120110728953129,1.02364242089523,0.0969329701642638,0.517062261437024,0.00254528502053757
"3","MNAR1",0.0297821402920757,"kNN",0.00566407661962058,6.94462027497456e-07,1.29888029780957,0.174793635139678,1.34686161228616,0.16113768862058,0.508627012272856,0.00075493932115622
"4","MNAR1",0.0495145372808768,"kNN",0.0064266109927421,8.8793432413188e-08,1.19493269669004,0.0393286161210666,1.35068410407125,0.0482112435018296,0.511612491641877,0.00107187032063953
"5","MNAR1",0.0698800308568085,"kNN",0.0064853588019615,1.82925092618123e-07,1.24175291390986,0.0202436863444674,1.42237180293634,0.015254546433512,0.477992050089075,0.00011105465015828
"6","MNAR1",0.099587689197457,"kNN",0.00678234541623218,2.19111396916047e-07,1.31202906618067,0.00574115910293806,1.51276356847283,0.00588536507956729,0.463932046440678,0.00039076727063669
"7","MNAR1",0.301295453940893,"kNN",0.00788793794787058,1.15638837167482e-07,1.25175260191064,0.00459873975075014,1.43966154426488,0.00474867627351914,0.467603466217718,0.00021413980713605
"8","MNAR1",0.496916979224856,"kNN",0.00885385233955345,8.48887439296365e-08,1.23112660670039,0.0002165367717904,1.43285357295493,0.00313916109492202,0.46253002881586,0.000218874961051407
