"","mechanisme","miss_perc","method","scaled_MSE","Var_scaled_MSE","test_MSE","Var_test_MSE","MSE","Var_MSE","F1","Var_F1"
"1","MAR1",0.00513393450908414,"MICE",0.00295132402115179,2.39617057037959e-07,0.842817100448359,0.0332328297471226,0.84419304549401,0.0218831797574005,0.484530216945078,0.00732691410747041
"2","MAR1",0.00935280504349214,"MICE",0.00332045443732769,4.65316435179967e-07,0.936103569492128,0.0892223220337226,1.00004475984004,0.131165110523392,0.517285508972748,0.00277047181745629
"3","MAR1",0.0294682520682042,"MICE",0.00359746517357431,6.83009191706498e-07,0.957104041550201,0.0202529384664261,0.962298560104712,0.0162515471069453,0.50916403624382,0.000749577156732807
"4","MAR1",0.0495145372808768,"MICE",0.00343747077526933,5.33369594035936e-08,0.945878359551811,0.0156769984485416,1.03519994376713,0.018690235232704,0.487938095767175,0.0019463543811376
"5","MAR1",0.0699757933657862,"MICE",0.00380211097281173,9.80506011248194e-08,0.91262057775828,0.00391827985130743,1.0065132832175,0.00866959807521449,0.49724875497594,0.000608574711040829
"6","MAR1",0.100359109408667,"MICE",0.00384253827772509,5.08453930794833e-08,0.94072987902933,0.00978838614119733,0.992741030161834,0.00783433871037232,0.476930140531728,0.000268219150557095
"7","MAR1",0.299279121112973,"MICE",0.0056089910499805,1.96439768023145e-07,0.99936291537652,0.00499567758911206,1.11919488015824,0.00504050813080725,0.470652427689904,3.79457478426392e-05
"8","MAR1",0.496108318037933,"MICE",0.00667218192992025,7.7278761084939e-08,1.03974364069797,0.00145353507723674,1.16167208753616,0.00100241144032377,0.471577346640114,4.94316035765492e-05
