"","mechanisme","miss_perc","method","scaled_MSE","Var_scaled_MSE","test_MSE","Var_test_MSE","MSE","Var_MSE","F1","Var_F1"
"1","MAR1",0.00553826510254569,"missRanger",0.038754706932583,0.000481664202894968,2.29777904377501,1.36997942085874,4.26063734422014,8.16510848904877,0.475854245243248,0.00976301110526706
"2","MAR1",0.00926236267390206,"missRanger",0.0367564560550021,0.000158185517948226,5.64479595740667,74.3705058807782,8.08227967478359,131.575050589984,0.469605192572272,0.0036044863437068
"3","MAR1",0.0295799749953449,"missRanger",0.0434428463141532,0.000267638007330819,2.48177278514642,1.13185921291773,4.19977942527524,2.72854479891261,0.453755095583837,0.00433391255442402
"4","MAR1",0.0488654802755832,"missRanger",0.062792429222797,0.00023180793573845,7.19582615162627,18.0506899548417,11.4993793469853,44.838212032268,0.477310072839729,0.00209377871605894
"5","MAR1",0.0696991461176283,"missRanger",0.0553750233975331,0.000327107481709254,6.36618775211548,52.7821513799397,9.8488203026714,99.3905793148404,0.476329560773825,0.00056879390255943
"6","MAR1",0.0987630675923709,"missRanger",0.0502197037630396,0.000420296684657826,2.82050676092028,0.723091215216064,4.54306948036714,1.43753527706052,0.463264666295401,0.00170863267513768
"7","MAR1",0.299566408639906,"missRanger",0.058770808743878,0.000419770373181787,5.75378104505036,38.1302830109049,9.099780845098,87.4642184939276,0.472835926354002,0.00258077477145505
"8","MAR1",0.496353044449765,"missRanger",0.0608319385799369,0.000105642748556709,4.20449573845943,4.187562785094,7.21889167757008,12.6929378083287,0.439469886579633,0.00287088526738426
