"","mechanisme","miss_perc","method","scaled_MSE","Var_scaled_MSE","test_MSE","Var_test_MSE","MSE","Var_MSE","F1","Var_F1"
"1","MCAR",0.00503285186071875,"PCA",0.00247333960669636,6.51325073874923e-08,0.757727137233104,0.055128642843556,0.734644659185132,0.0615762570894617,0.530885654378301,0.0120254037815875
"2","MCAR",0.00970925438246482,"PCA",0.00277731128528137,1.38499812961434e-07,0.582047122491717,0.0100984275223622,0.561811643867826,0.0193865291837206,0.581349846287817,0.00868535181816697
"3","MCAR",0.0299523847524805,"PCA",0.00271532482528447,1.71589902413541e-08,0.650399137144406,0.00351637893050062,0.662687222371002,0.00905907727985265,0.554269221253715,0.00125311889283307
"4","MCAR",0.0497379831351581,"PCA",0.0043138671635307,5.21763983292614e-06,3.28372836254472,12.8221750857393,1.77300096765971,2.26597974189456,0.529645630054554,0.000297967754991206
"5","MCAR",0.0702045593594552,"PCA",0.00270617764335935,9.85225778799691e-08,0.707007332526151,0.027364459762978,0.700472879433085,0.0492498237005545,0.526516874966441,0.000782186763047065
"6","MCAR",0.100768760141516,"PCA",0.00378483618701805,4.05123919197151e-06,1.47635118130459,2.53678952667713,1.32753593618026,1.58416671710592,0.539045080853425,0.000953570717272633
"7","MCAR",0.298656664804618,"PCA",0.00337385528443273,2.32918444825716e-08,0.887463357808693,0.00649752393057301,0.886395785162195,0.00412791426745252,0.508448558845946,2.81210371577278e-05
"8","MCAR",0.497869284175245,"PCA",0.00404167004996053,2.31979666227817e-08,1.03811769380771,0.003301798444423,1.10410402724351,0.00618252030058578,0.470715236418336,2.95786554380311e-05
