"","mechanisme","miss_perc","method","scaled_MSE","Var_scaled_MSE","test_MSE","Var_test_MSE","MSE","Var_MSE","F1","Var_F1"
"1","MAR3",0.00478812544888676,"EM",0.0206167816950367,9.90594902327945e-07,0.960614422150609,0.0545883722092087,1.59213722277554,0.00820909868251358,0.151151965716482,0.00051209614533587
"2","MAR3",0.0097890564732796,"EM",0.0193898034847665,3.74257933512392e-06,1.31469499677514,0.079406375196082,1.97567418117718,0.0378417138563141,0.146099150830393,0.000271804214256351
"3","MAR3",0.030005586146357,"EM",0.0179830164800446,7.82418861676608e-07,1.26583727818694,0.05043095137658,1.94605184401666,0.0288828886363588,0.118302559935622,5.90095710438442e-05
"4","MAR3",0.0499561088500519,"EM",0.0164659702368998,6.9960910693938e-07,1.25165202222235,0.0091690000815841,1.88817172663208,0.00627593306739939,0.151562195064479,4.1421065276113e-05
"5","MAR3",0.0700662357353763,"EM",0.0160255582081021,6.63804870059332e-07,1.30740645001927,0.00991872918410419,1.96621529888957,0.0124031138998493,0.156512348414357,0.000332404523794634
"6","MAR3",0.0998856170031655,"EM",0.0163515572016553,1.49063213499695e-07,1.48150121997819,0.010404252114019,2.13695988657954,0.0145076249883343,0.315505552730542,7.24085842188833e-06
"7","MAR3",0.300082462160509,"EM",0.0167798511878583,1.54233706077659e-06,2.10623061428305,0.00897278684321994,2.76365984040999,0.00930319586983481,0.267016151078836,4.80925384176498e-06
"8","MAR3",0.499960098954593,"EM",0.0182359040089277,7.29701489670144e-08,2.29578430956381,0.00772818539829187,2.94990388431103,0.010160473696284,0.314641823482095,0.00018882324706448
