"","mechanisme","miss_perc","method","scaled_MSE","Var_scaled_MSE","test_MSE","Var_test_MSE","MSE","Var_MSE","F1","Var_F1"
"1","MAR2",0.00446891708562764,"missRanger",0.00441267255890046,1.63916917711469e-07,0.47759420251496,0.0113422496609119,0.506644562169643,0.00753916109455033,0.852323926073926,0.00101129731334683
"2","MAR2",0.00893783417125529,"missRanger",0.00497259661437852,4.09581196317693e-07,0.445362568325936,0.0324118102069167,0.446429733646202,0.0116273766257689,0.808544972413159,0.00671161010039811
"3","MAR2",0.0266006969382598,"missRanger",0.00654357142076901,1.25177271868828e-08,1.29664529567091,0.0362441929080059,1.31074377773309,0.0235935431261755,0.784827390975629,0.0108543833296425
"4","MAR2",0.0444763652807704,"missRanger",0.00675038881751171,3.44152889072877e-06,0.883712907048272,0.0398569557400906,0.902553130200366,0.0769845657823573,0.731955475791988,0.0196158281757434
"5","MAR2",0.0621392280477749,"missRanger",0.00678868625438699,2.11905987295911e-07,0.715133317930264,0.00727072825742793,0.786738802457969,0.011235863864814,0.822047800329908,2.98614286318129e-05
"6","MAR2",0.0889527305615407,"missRanger",0.00800843081865109,8.28533130692077e-08,1.17400056104606,0.0730813530474209,1.21846704758376,0.0709486166656594,0.766374614523397,6.44908478615655e-05
"7","MAR2",0.266645386109116,"missRanger",0.013661768641526,1.16125932257126e-06,1.23833046045276,0.0157332465653065,1.28073992795743,0.0183904871852311,0.611636009399018,0.00533840106360991
"8","MAR2",0.444338041656691,"missRanger",0.0277702635641989,3.50240661991471e-06,1.92438177963577,0.0920645938192472,1.99173434791411,0.165336594365003,0.250393563097844,0.00152261359228119
