"","mechanisme","miss_perc","method","scaled_MSE","Var_scaled_MSE","MSE","Var_MSE","F1","Var_F1"
"1","MAR1",0.00538930119969143,"missRanger",0.00399509145508407,2.42095887221135e-07,0.788800609466707,0.0276463933593195,0.492683362389245,0.00478530376526183
"2","MAR1",0.00946984811002048,"missRanger",0.00386706252802428,4.47163577981287e-07,0.911281260597415,0.053797212481373,0.497173848615299,0.00679905955087921
"3","MAR1",0.0292022450988216,"missRanger",0.00490889812317869,2.87917624288304e-07,0.973687960354092,0.0381595662897395,0.461668750546454,0.000779778812926646
"4","MAR1",0.0503178783284122,"missRanger",0.00522399751304898,2.13165100494569e-07,0.962658747825962,0.0342695624007017,0.480304472309091,0.000916661173539214
"5","MAR1",0.0704386454925119,"missRanger",0.00576470183084837,3.5467422970678e-07,1.19453410548731,0.0351688547225562,0.46121940093196,0.00240618207311389
"6","MAR1",0.100130343414997,"missRanger",0.00570689755414507,1.79180598433223e-07,1.26355627220366,0.038205362394376,0.478893306009604,0.000814052088695878
"7","MAR1",0.301497619237624,"missRanger",0.00689838996824203,2.2637188589492e-07,1.09408232680722,0.00957772969559276,0.476735215090495,0.000397025614587734
"8","MAR1",0.4971563854973,"missRanger",0.00788530434267051,1.0229562969574e-06,1.25462620313496,0.0286316179509112,0.445836472910134,0.000695281970870212
