"","mechanisme","miss_perc","method","scaled_MSE","Var_scaled_MSE","test_MSE","Var_test_MSE","MSE","Var_MSE","F1","Var_F1"
"1","MAR3",0.00478812544888676,"kNN",0.00621527632697859,2.42336357355867e-06,0.81764946702381,0.0157742648269986,0.767902732942748,0.0532124218790208,0.806366914042313,0.00162538917049945
"2","MAR3",0.0097890564732796,"kNN",0.0034572168046604,8.99655538969818e-07,0.38696505748282,6.07922277871986e-05,0.420596847950409,0.00491646227608385,0.825186680566026,7.77890237854997e-05
"3","MAR3",0.030005586146357,"kNN",0.00171832479783934,5.48657430028141e-08,0.413905871545533,0.000572263673738398,0.428852410524412,0.00246452598917897,0.760145931366183,0.00869464788838
"4","MAR3",0.0499561088500519,"kNN",0.00213786027586116,3.96830440003336e-08,0.708922736721058,0.000527538313417753,0.729273295416473,0.00125703923549227,0.65408900369312,0.00278686688928171
"5","MAR3",0.0700662357353763,"kNN",0.00223853464845311,2.02862701389816e-08,0.751217034344338,4.84330166004154e-05,0.776206376718748,0.00445651967947474,0.775059215706084,0.000241136747171183
"6","MAR3",0.0998856170031655,"kNN",0.00258104646200844,3.36963956645446e-08,0.944373817555584,4.10685172503636e-05,0.913117587189403,0.00132090158747484,0.551826514986081,0.0129698506685406
"7","MAR3",0.300082462160509,"kNN",0.00685194058686184,4.8265242857173e-08,1.74904246260552,9.67297300398133e-06,1.74328553600551,0.0021140685211229,0.249678671540486,0.000219398825895706
"8","MAR3",0.499960098954593,"kNN",0.0152381807483749,6.94341511919596e-07,2.00813882813852,0.000319183725504258,2.03186137333399,0.00101160005861589,0.303062514987524,0.00224493924905648
