"","mechanisme","miss_perc","method","scaled_MSE","Var_scaled_MSE","test_MSE","Var_test_MSE","MSE","Var_MSE","F1","Var_F1"
"1","MAR1",0.00501689144255579,"PCA",0.00587085173401475,4.34502516802752e-06,0.890826976777509,0.0602975625200491,0.880768476894304,0.139496413598158,0.498179369005607,0.0214726455386372
"2","MAR1",0.00921980155880084,"PCA",0.0054123730489559,7.10347669387284e-07,0.821531672843837,0.191175616316549,0.926845047253837,0.280100732068523,0.49311007197766,0.00778015021363223
"3","MAR1",0.0291969249594339,"PCA",0.0120381618972517,0.000110012605918404,6.32713708594085,53.6615046847928,6.13502714621532,54.8143643506235,0.504896746662983,0.00108012629246924
"4","MAR1",0.0490197643178251,"PCA",0.0294269086870096,0.00174585311409862,3.55989993938125,13.3982038558248,3.55368992141813,11.2301766417645,0.499568821763719,0.00126760736042275
"5","MAR1",0.0709759795706647,"PCA",0.0085449281862529,1.56000549499009e-05,1.94002527726564,5.55088090452264,1.73711433344705,3.6670129862693,0.473532976022453,0.000990903711432043
"6","MAR1",0.0988269092650227,"PCA",0.0112186811554718,1.98811283072237e-05,3.21166570223993,3.84426779973961,3.07515317900724,4.25587722679074,0.493079432153047,0.000848841261694942
"7","MAR1",0.300204825366425,"PCA",0.00823142039792309,3.8461430671759e-06,1.6678012442854,0.526015044975679,1.74207763194441,0.632914315893554,0.477031624259198,0.000328419410132724
"8","MAR1",0.496236001383236,"PCA",0.0134421276143522,1.97977005145572e-06,1.50771343917252,0.00682535255725187,1.54846205590752,0.010331963606986,0.475702510643318,5.31764320464501e-05
