"","mechanisme","miss_perc","method","scaled_MSE","Var_scaled_MSE","test_MSE","Var_test_MSE","MSE","Var_MSE","F1","Var_F1"
"1","MAR1",0.00496901018806693,"PCA",0.0208315345920986,0.000978030798246092,14.1523006612627,785.062374213634,12.0944124411284,537.41019731812,0.575791496085614,0.0100993515523805
"2","MAR1",0.0093794057404304,"PCA",0.00663843089566585,5.34915828502917e-06,0.899550040156574,0.0698997286101152,0.828897573629552,0.0461491161914858,0.497647434659504,0.0111535329221226
"3","MAR1",0.0306227223153247,"PCA",0.0117087969075963,0.000151743864939236,3.61886924221915,32.9965070740321,5.11877023460807,82.5163122657661,0.547618855218552,0.00332986514781088
"4","MAR1",0.049557098395978,"PCA",0.0165252395015244,0.000189013749712754,4.42951777512434,19.2499988100143,5.53105938114604,35.0665386905563,0.497860860240323,0.000394344783388694
"5","MAR1",0.070039635038438,"PCA",0.00769870932536701,1.34126948564794e-05,2.5253509972957,8.05233827815378,2.30418178431105,5.03833776194546,0.505444396995448,0.000527916410363161
"6","MAR1",0.100907083765595,"PCA",0.0114907488981027,1.63095513367787e-05,4.53127332163988,4.09081952229266,4.61499781904356,6.6161133524444,0.496297161149385,0.000126013766832884
"7","MAR1",0.300007980209081,"PCA",0.0132801147765441,3.01507528892138e-05,1.64115000123747,0.23888355893411,1.61814916911659,0.125894884314453,0.476960016378966,0.000202485156795939
"8","MAR1",0.496608411140372,"PCA",0.0100700497531441,1.85080185285017e-06,1.92949314314325,0.159351612016136,1.78433462374221,0.0858274910223293,0.477474606060398,0.000259324139070817
