"","mechanisme","miss_perc","method","scaled_MSE","Var_scaled_MSE","test_MSE","Var_test_MSE","MSE","Var_MSE","F1","Var_F1"
"1","MAR1",0.00521373659989892,"missForest",0.00286277150122669,1.04137170146207e-07,0.799278544723047,0.111436893775785,0.849986868880377,0.0929639529053138,0.473181822262705,0.00489739858837964
"2","MAR1",0.00907615779533424,"missForest",0.00248773048950653,1.846167735205e-07,0.546724949185937,0.043105577469573,0.592868819081453,0.0301734909725629,0.524066063215692,0.00327532075320128
"3","MAR1",0.0295906152741202,"missForest",0.0028559076653839,2.39454559987055e-07,0.844269982540654,0.0723780867763277,0.814446269881706,0.038239276927351,0.509448461855591,4.74124727620682e-05
"4","MAR1",0.0496581810443434,"missForest",0.00302417008888563,3.40745971758478e-08,0.829675737057132,0.0522226693478984,0.829975802866236,0.0401193109603114,0.508354277106789,0.000404206306668657
"5","MAR1",0.0689117654882558,"missForest",0.00335699063073546,1.9132009415992e-07,0.802273596857531,0.026942255495382,0.90083068794163,0.0221654715533731,0.515117262627,0.000777333425158845
"6","MAR1",0.0993057218099114,"missForest",0.00310492210943274,1.88254166408583e-07,0.770555477115611,0.00836575237827544,0.787030008970431,0.00355684465318364,0.504388852476025,0.000132806737726557
"7","MAR1",0.300816641396005,"missForest",0.00413891009513328,4.82278590309393e-09,0.949050359611356,0.000753405887761954,1.0198314350705,0.00258132071993613,0.488915735205066,0.000135373856276521
"8","MAR1",0.49602319580773,"missForest",0.0054975993022551,3.13157124677781e-08,1.1024971941491,0.00145417982329217,1.2340472228891,0.00262618277494772,0.483210801000709,0.000127385200246175
