"","mechanisme","miss_perc","method","scaled_MSE","Var_scaled_MSE","test_MSE","Var_test_MSE","MSE","Var_MSE","F1","Var_F1"
"1","MAR1",0.00511265395153353,"MI_Ranger",0.00394917284850994,1.13632965149663e-06,0.902626797968209,0.305376797357457,1.02308867779738,0.285647576816847,NA,NA
"2","MAR1",0.00961881201287474,"MI_Ranger",0.0051456841298104,9.72859768794549e-07,0.949755171310958,0.053770736771215,1.08657295917033,0.0546036447629998,0.483749077194536,0.00189885929059387
"3","MAR1",0.028462745723938,"MI_Ranger",0.00516874301005845,9.1579090711662e-07,0.820358436094292,0.0259652392160687,0.904994135305335,0.0424603231089577,0.448703298720385,0.00153674563058118
"4","MAR1",0.0495358178384274,"MI_Ranger",0.00521677739720156,6.98008826054479e-07,0.846443045785392,0.0380739952847285,0.936167428984952,0.0473687222258037,0.448003171484979,0.00265421286227663
"5","MAR1",0.0696406245843641,"MI_Ranger",0.0051269753085728,2.56792531263444e-07,0.894920747192801,0.0104439650498983,1.00795633343462,0.013000667044666,0.436693626371104,0.00478485753945824
"6","MAR1",0.100444231638869,"MI_Ranger",0.00658116943601309,5.25275530538778e-07,1.06938230775451,0.0188709466189096,1.16118830641168,0.0142810500600251,0.453256576682644,0.00186522987108505
"7","MAR1",0.301242252547017,"MI_Ranger",0.00706152185539381,1.06352923825722e-06,1.10239698014626,0.0275131577534605,1.27206378428779,0.067802835930071,0.442206792920719,0.00327996499697924
"8","MAR1",0.496986141036895,"MI_Ranger",0.00795130815370273,2.96349535798933e-06,1.0678843752245,0.00409099316394782,1.16392974739132,0.00779803697591788,0.466479226227373,0.000916705338202487
