"","mechanisme","miss_perc","method","scaled_MSE","Var_scaled_MSE","test_MSE","Var_test_MSE","MSE","Var_MSE","F1","Var_F1"
"1","MNAR1",0.00485196712153858,"missRanger",0.00515411366337755,2.08450714893341e-06,0.976744319941057,0.456820161855904,0.949417956729388,0.349548849915755,0.469471795404458,0.00709759781263915
"2","MNAR1",0.00903359668023302,"missRanger",0.00494813876554551,8.71604826196731e-07,1.10557915748131,0.0171671905960307,1.20827132073866,0.0609293839014762,0.418506823786236,0.012043311306202
"3","MNAR1",0.0290745617535179,"missRanger",0.00524895059332123,2.86414990006557e-07,1.04063839826528,0.0429819786157148,1.06437328406897,0.04138657968118,0.499881358596066,0.00042600462028975
"4","MNAR1",0.050152954007395,"missRanger",0.00602152360504459,1.76794794689984e-06,1.20450956722369,0.0992696888927446,1.32205133269227,0.192432630250632,0.481126589964938,0.000640075881218628
"5","MNAR1",0.071124943473519,"missRanger",0.00530287469580216,6.11963017715421e-07,1.12550946814178,0.0465914918640703,1.21004777682096,0.0581096495441816,0.461145559809577,0.00351813859745615
"6","MNAR1",0.0998111350517384,"missRanger",0.00621196657819674,9.14389202803196e-07,1.06847223772527,0.011635261129306,1.183826731559,0.0256385052234983,0.463695664214113,0.00164048134826968
"7","MNAR1",0.299029074561754,"missRanger",0.00650492013516891,8.18414760125777e-07,1.14567578354303,0.0110142414323388,1.23048016215722,0.0169386675596662,0.470602885314879,0.000223080928213744
"8","MNAR1",0.495214534620807,"missRanger",0.00837160784304276,8.16204237569204e-07,1.2187788718681,0.013056027319815,1.35553362500007,0.0279893635567978,0.453308580098124,0.00159277389880199
