"","mechanisme","miss_perc","method","scaled_MSE","Var_scaled_MSE","test_MSE","Var_test_MSE","MSE","Var_MSE","F1","Var_F1"
"1","MAR1",0.00498497060622988,"EM",0.00345061500183529,4.85941049211502e-07,1.12273617492336,0.276165296014348,1.2056219531888,0.344482906945321,0.474823628813567,0.00641964260470821
"2","MAR1",0.00934216476471684,"EM",0.00387743728423331,1.02031437510529e-07,1.21989628571942,0.083635895888116,1.43623385543135,0.0751892241510929,0.462621762666646,0.0170013956244524
"3","MAR1",0.0291330832867821,"EM",0.00414081026912323,2.04217748906494e-07,1.05333353761641,0.0264855273195313,1.30371664040888,0.0465741232825785,0.445207586293899,0.00381953461194879
"4","MAR1",0.0499507887106642,"EM",0.00496569500003762,2.25549770519859e-06,0.902993811456133,0.0457013612602149,1.1512041884403,0.0433396636438637,0.468210923230808,0.000938611408148125
"5","MAR1",0.0698747107174208,"EM",0.00571523316088926,2.02194269948343e-06,1.09456560839242,0.0280873542897117,1.36260202042718,0.0250017173758714,0.452288104386181,0.000965173063191868
"6","MAR1",0.0988588301013486,"EM",0.00623295138647958,1.24869368133048e-07,1.41729681658765,0.0825320585555645,1.78834518367322,0.108804041420852,0.448913326855376,0.00118718851690741
"7","MAR1",0.301816827600883,"EM",0.00947337942853945,8.07584684262618e-06,1.27359456892692,0.0275868968648631,1.52232861221939,0.0380412491359491,0.437483518069949,0.000342007371773275
"8","MAR1",0.496459447237518,"EM",0.0133551917571206,1.29680865499258e-06,1.33719952517265,0.00162361122764368,1.5964678825716,0.0024650097352531,0.304287666380251,0.00282002193106904
