"","mechanisme","miss_perc","method","scaled_MSE","Var_scaled_MSE","test_MSE","Var_test_MSE","MSE","Var_MSE","F1","Var_F1"
"1","MCAR",0.00516585534541005,"EM",0.00385019085872216,3.87498655586981e-07,1.47573280842841,0.244399119544788,1.7943681244059,0.478949299694504,0.358248707991355,0.0129109664855781
"2","MCAR",0.00999654190939803,"EM",0.0032273529068309,1.1362348850424e-07,0.903895971128997,0.0484863997644167,1.26787550496629,0.0878235949416449,0.36262084530308,0.00463168434770787
"3","MCAR",0.0304524778549198,"EM",0.00325864797809623,5.9627554862939e-07,0.875035898047578,0.0412237811343599,1.08946430195511,0.0572837231245747,0.351542278844086,0.00209256964932798
"4","MCAR",0.0498231053653606,"EM",0.00296437999748422,1.32036472248972e-07,0.812848966620781,0.0308199583761085,1.02152205797988,0.0232434871805919,0.362308000311968,0.000392014176420907
"5","MCAR",0.0705344080014896,"EM",0.00324385110739745,9.85587127381623e-08,0.918031575823102,0.0164800515787569,1.16177930036366,0.0104134966932076,0.368563745495701,0.000385870546318698
"6","MCAR",0.0994546857127657,"EM",0.0031728231383107,1.30536086984313e-07,0.871055762801434,0.00242242369583206,1.11450720267632,0.00464127295983705,0.384946884875585,0.000844837262198049
"7","MCAR",0.300747479583965,"EM",0.00381941286633004,2.92998113684122e-08,0.925310101742579,0.00285547637031558,1.19569249826532,0.00523440673100601,0.3729018545762,0.000173355923099713
"8","MCAR",0.499954778815205,"EM",0.0052007307451924,6.69329440789745e-08,0.994949696131479,0.000272187402612616,1.25986997878378,0.0015325399635052,0.367382310816878,0.000113300092803271
