"","mechanisme","miss_perc","method","scaled_MSE","Var_scaled_MSE","test_MSE","Var_test_MSE","MSE","Var_MSE","F1","Var_F1"
"1","MAR2",0.00446891708562764,"kNN",0.496228972598593,0.000818176077738732,28.2663144909132,98.6895091211497,30.7977004991192,74.1391431798207,NA,NA
"2","MAR2",0.00893783417125529,"kNN",0.439991785144308,0.00101550507630332,22.5065170261574,31.9708265890015,23.5658945545116,37.8810187954255,NA,NA
"3","MAR2",0.0266006969382598,"kNN",0.456005377475724,0.000384256034894194,30.8543393044671,348.031128580671,32.3728127085607,366.736082629637,NA,NA
"4","MAR2",0.0444763652807704,"kNN",0.401700505144612,0.000898305618955891,19.1819998434908,27.7541933382212,19.9150137138532,32.0725437175484,0.117229225173015,0.00213591181344702
"5","MAR2",0.0621392280477749,"kNN",0.422703220145151,0.000330084088642766,26.1840537630993,231.781129668689,28.4080282768741,290.055225286308,0.117125335670924,0.00181227443575177
"6","MAR2",0.0889527305615407,"kNN",0.371634228766432,0.000828376752546264,16.3644766206363,20.9936968449939,17.2728594346504,28.3361543938058,0.147426893425701,0.00279292761805299
"7","MAR2",0.266645386109116,"kNN",0.338737702198747,0.000140794927587546,19.7398976501661,178.65416978221,21.8274910913778,225.295213563799,0.184185136377597,0.000723646036334378
"8","MAR2",0.444338041656691,"kNN",0.264630620719292,0.000644267020328254,9.15735077699634,7.98022658331961,10.4123010965767,16.5731525835457,0.23991350506898,0.000433762400883014
