"","mechanisme","miss_perc","method","scaled_MSE","Var_scaled_MSE","test_MSE","Var_test_MSE","MSE","Var_MSE","F1","Var_F1"
"1","MAR1",0.00497433032745458,"missRanger",0.00376725027691495,4.26236269655645e-07,0.609718889495509,0.0511501358695213,0.695612219611336,0.0478919061163285,0.563659431169106,0.00755195326155835
"2","MAR1",0.00966137312797595,"missRanger",0.00492975796687067,7.5587756581899e-07,0.91804011091522,0.0680903957510683,1.06967366436789,0.0653594739276474,0.443563103375887,0.0024431125041331
"3","MAR1",0.0297076583406485,"missRanger",0.00507345664130635,3.07742776635542e-06,0.905190325615784,0.0502007275661461,0.988487948891396,0.0476209530182316,0.474082396465935,0.00104162050286597
"4","MAR1",0.0498497060622988,"missRanger",0.00511144865474656,4.16799272431624e-07,0.863882423738143,0.00325178606425284,0.954293902250657,0.00748690896470207,0.469429216889428,0.000777938617759132
"5","MAR1",0.0706195302316921,"missRanger",0.0050914621830188,2.08332377774054e-07,0.933947378764368,0.0394139690507625,1.11144305596479,0.0940577649474132,0.442024806747463,0.00248959154764175
"6","MAR1",0.0995983294762323,"missRanger",0.005707476685738,9.07906697447696e-07,0.87421197422197,0.00818063940217228,0.998432361362429,0.0228195154090403,0.448187336154611,0.00325398305584542
"7","MAR1",0.301114569201713,"missRanger",0.00770458129432262,1.88818819656528e-06,0.985928967325338,0.00384941101727903,1.09297096132486,0.00423746005772302,0.453093543677923,0.00185205590472506
"8","MAR1",0.495496502008353,"missRanger",0.00808546797269528,1.92187201671482e-06,1.07542456614139,0.030925120591309,1.25351595009393,0.0799217305189159,0.410119577910555,0.00476771355864147
