"","mechanisme","miss_perc","method","scaled_MSE","Var_scaled_MSE","test_MSE","Var_test_MSE","MSE","Var_MSE","F1","Var_F1"
"1","MNAR2",0.0050275317213311,"kNN",0.100250822933959,0.00156525992886461,3.52887627812293,18.2882752080933,3.70563038650636,14.4079843116238,0.28325060152266,0.00306001566315258
"2","MNAR2",0.0100550634426622,"kNN",0.0240818286530721,0.000622499660429652,0.425790845460276,0.0238316038789561,0.56604230501003,0.0994051196431324,0.319233788590117,0.00187726936015001
"3","MNAR2",0.0299257840555423,"kNN",0.00443285984094277,1.40265051657331e-06,0.612826507148958,0.0169618169151298,0.609009463764187,0.0153239151533763,0.304864573047105,0.000547640032776035
"4","MNAR2",0.0500359109408667,"kNN",0.00545935469708613,1.05513468306937e-06,0.767825494666027,0.0620175108808368,0.780945198520706,0.0388422283471482,0.300125435879336,0.000585617112218069
"5","MNAR2",0.0699066315537467,"kNN",0.00778227996033302,2.02764176875046e-06,0.851389843943529,0.0338544466595011,0.925085500527474,0.0356666522238984,0.254885086338224,0.000261511227243036
"6","MNAR2",0.100071821881733,"kNN",0.00818309004096353,3.92911880130026e-06,0.85268173166025,0.0162856866896716,0.912237079755296,0.0212021835220662,0.246330115926452,0.000399997485173829
"7","MNAR2",0.299976059372756,"kNN",0.0182100951579892,1.37221289661148e-06,1.6848580779667,0.192668028100206,1.81475895959495,0.29987738534011,0.0147650832888467,5.09560689647023e-06
"8","MNAR2",0.499880296863778,"kNN",0.0313635928569789,1.48257415533467e-05,2.49320940182427,0.145903289409202,2.66686429613134,0.150863090226911,0.120971406774067,0.0014636650971599
