"","mechanisme","miss_perc","method","scaled_MSE","Var_scaled_MSE","test_MSE","Var_test_MSE","MSE","Var_MSE","F1","Var_F1"
"1","MAR2",0.00446891708562764,"EM",0.0273127811815104,4.36941477249479e-06,0.621324919885779,0.013285231429518,1.12866825208149,0.00989958157458677,0.149038020802727,0.000787573719968802
"2","MAR2",0.00893783417125529,"EM",0.0257411368278945,3.28301569666275e-06,0.769075989500925,0.0260618877544949,1.15850331493188,0.00593840917865773,0.17911090863658,0.000272885953339664
"3","MAR2",0.0266006969382598,"EM",0.0206711386908575,2.22261118042124e-06,0.593247763386188,0.00655733080924251,1.02879703212687,0.00850216230849463,0.128237245473948,5.62367260130951e-05
"4","MAR2",0.0444763652807704,"EM",0.0198302379946585,2.66491182959971e-07,0.73044614936582,0.0025996851006203,1.1317672219909,0.00638106726093482,0.154494014429753,1.62548081579806e-05
"5","MAR2",0.0621392280477749,"EM",0.0194534762476541,1.27611217869749e-06,0.80908823571874,0.00225721898373719,1.26343395589393,0.00187871679941446,0.160650985512111,7.28723990276476e-05
"6","MAR2",0.0889527305615407,"EM",0.0178288794552224,4.60805042149508e-08,0.81852922716138,0.00413668070417625,1.24905612719076,0.00209417532799026,0.2493907386856,0.00606351547204618
"7","MAR2",0.266645386109116,"EM",0.0180792654838428,1.85749303404676e-07,1.20521974002463,0.000667844660071156,1.69093476006602,0.00194820949383971,0.614427393498508,0.00400336993368388
"8","MAR2",0.444338041656691,"EM",0.023097205975101,1.0984815544306e-06,1.44746870124382,0.00117176649952423,1.94094471624029,0.00127681124546665,0.375086094114802,0.00157493130308888
