"","mechanisme","miss_perc","method","scaled_MSE","Var_scaled_MSE","test_MSE","Var_test_MSE","MSE","Var_MSE","F1","Var_F1"
"1","MNAR1",0.00520841646051127,"MI_EM",0.00248808017183471,2.53069867450724e-07,0.778332618989457,0.0778932890701057,0.747718495009967,0.0716497031104054,0.503427422250952,0.0047195501280497
"2","MNAR1",0.00919320086186258,"MI_EM",0.00403431921946434,3.37520769032635e-06,1.26384500000577,0.827110510141191,1.44043227895845,1.38494265548721,0.439696403454693,0.00296427323666674
"3","MNAR1",0.0291064825898439,"MI_EM",0.00380283424655877,1.11707119032305e-07,1.34978640508272,0.437014928684874,1.16014912589872,0.0502191253681787,0.459123234809059,0.00124919356331055
"4","MNAR1",0.0492591705902695,"MI_EM",0.00435477292667153,3.53904597274752e-06,1.01044503380028,0.036134924057306,1.04819965686601,0.0427998826126918,0.445799653283388,0.000226729051339106
"5","MNAR1",0.0695448620753864,"MI_EM",0.00393476776335492,1.40923352981974e-08,0.990996466271329,0.00698164655209231,1.04153218324959,0.0122670015103936,0.440838450861684,0.00113715669869897
"6","MNAR1",0.100939004601921,"MI_EM",0.00546305534435776,4.2560476569604e-06,1.21808353366683,0.194810918280393,1.37097375723327,0.347925885034751,0.442871696013644,0.00039705452744113
"7","MNAR1",0.299640890591333,"MI_EM",0.00569263705195109,6.09219222019279e-08,1.01777556316449,0.000741697468787671,1.07683828210071,0.000616298733338614,0.431533121927676,0.000115820181437731
"8","MNAR1",0.496533929188945,"MI_EM",0.00716319495237559,3.67914276024589e-08,1.07058339945454,0.000509086867215758,1.12919875202488,0.000342869701856285,0.433673475802216,2.09758219761266e-05
