"","mechanisme","miss_perc","method","scaled_MSE","Var_scaled_MSE","test_MSE","Var_test_MSE","MSE","Var_MSE","F1","Var_F1"
"1","MAR2",0.00446891708562764,"missForest",0.0508750311227426,3.99303606032934e-05,8.10818121546456,1.91893276132895,5.65766570944699,1.25529139957698,NA,NA
"2","MAR2",0.00893783417125529,"missForest",0.0416092082738025,7.78056318316001e-05,6.29601925051286,5.65513925888764,4.65695976427366,1.04130953885149,NA,NA
"3","MAR2",0.0266006969382598,"missForest",0.0313481739746853,3.88191224158309e-05,5.45145073012433,2.56154263937707,3.89000911409721,2.05521079935516,NA,NA
"4","MAR2",0.0444763652807704,"missForest",0.0312567090567728,7.19857910394751e-06,6.23237737807103,0.728540768372295,3.68492051850669,0.372224298236033,0.0965903142616737,0.000667099770441347
"5","MAR2",0.0621392280477749,"missForest",0.0295123435073889,2.92228593637965e-05,5.61527764854639,2.54207552680675,3.96868186869218,1.01175945146376,0.133739162806962,0.00658344083161767
"6","MAR2",0.0889527305615407,"missForest",0.034118793091294,6.5444581192217e-05,5.04248164777919,1.30720632501706,5.39540783197677,1.0410045260817,0.145697634581177,0.00681373095189525
"7","MAR2",0.266645386109116,"missForest",0.0367469166125587,8.77689949058776e-06,3.77963457447441,0.4778036216207,4.89792611299811,0.445082311255205,0.208395541954894,7.96527163418092e-06
"8","MAR2",0.444338041656691,"missForest",0.0394167684714302,8.99588207268225e-06,2.371906636661,0.116832679637315,3.26903597689703,0.843715893547272,0.232886811848109,0.000230567632107244
