"","mechanisme","miss_perc","method","scaled_MSE","Var_scaled_MSE","test_MSE","Var_test_MSE","MSE","Var_MSE","F1","Var_F1"
"1","MAR3",0.00478812544888676,"missForest",0.00149920489613504,2.34403825537666e-07,0.386809731837613,0.0102773162415551,0.344692325392772,0.00722173620198551,0.74951285731177,0.0078476162933949
"2","MAR3",0.0097890564732796,"missForest",0.00142592569316078,1.255077644566e-08,0.420714953051156,0.00140184872192796,0.412583518500181,0.00541578436052536,0.784031058836683,0.00305127452227556
"3","MAR3",0.030005586146357,"missForest",0.00353427681014955,9.68546361401968e-08,2.05223144858546,0.0911610505060917,2.21870233985424,0.0273664117974088,0.319643438589358,0.0045175380963932
"4","MAR3",0.0499561088500519,"missForest",0.00387318062584889,3.09752474506553e-07,2.15353738069305,0.144337379115847,2.11582002536948,0.106778065169312,0.508560775653214,0.0110798590551812
"5","MAR3",0.0700662357353763,"missForest",0.00264865059414568,6.57549334039692e-08,1.03915151219669,0.0245458798586659,1.15575216739985,0.0122385566490865,0.748549775666215,0.0024567475028682
"6","MAR3",0.0998856170031655,"missForest",0.00937843025357615,1.68788171555715e-06,5.23631941170674,0.385250468015484,5.61446345435921,0.550395941082921,0.262786672132053,1.37398736058441e-05
"7","MAR3",0.300082462160509,"missForest",0.0110405924297532,4.00397363752305e-07,4.53638214065485,0.733042738277856,4.42949107921379,0.478526868472252,0.253143484525239,0.000176381502253676
"8","MAR3",0.499960098954593,"missForest",0.0199312891209278,6.49652987554996e-07,5.84604870815352,0.815614509441418,5.77201278356286,0.423638333381711,0.334981645701562,0.000601632045205343
