"","mechanisme","miss_perc","method","scaled_MSE","Var_scaled_MSE","test_MSE","Var_test_MSE","MSE","Var_MSE","F1","Var_F1"
"1","MAR2",0.00446891708562764,"PCA",0.0255994667134614,9.8714218462473e-07,0.305508629075099,0.000663581378010162,0.281614155115988,0.000175543180742094,0.863938708350473,0.00307110155855261
"2","MAR2",0.00893783417125529,"PCA",0.0225714980748646,1.49424677167235e-06,0.28947553058592,0.000326269117951216,0.278981787444587,0.000464183909457896,0.824684138761169,0.000403520677385176
"3","MAR2",0.0266006969382598,"PCA",0.016390221803096,1.17661047375126e-06,0.341518735094494,0.000165394929514544,0.340733958311579,0.000777707006882232,0.8724387947203,0.000143452392487851
"4","MAR2",0.0444763652807704,"PCA",0.0142754144993047,9.06619105878316e-07,0.378315125717355,0.000704978961445371,0.347436189883036,0.000695352121652073,0.83775317219382,4.69173122694699e-05
"5","MAR2",0.0621392280477749,"PCA",0.0130645618873365,5.66497457754136e-07,0.418293809549161,4.8168645623024e-05,0.397034519795855,0.000197748881904187,0.820447725018992,0.000155076112282884
"6","MAR2",0.0889527305615407,"PCA",0.0109413977240397,3.45933197255988e-07,0.452339248449617,0.000130184276605214,0.437203339242905,0.000142199090701323,0.761707968922734,1.76871255306552e-05
"7","MAR2",0.266645386109116,"PCA",0.0104887148188902,1.19755658517588e-07,2.16492668414591,0.0129203097543489,2.07284423430411,0.00590184060011772,0.405155935008053,0.000252357480203985
"8","MAR2",0.444338041656691,"PCA",0.012675996078211,5.78242595618758e-08,3.59946256695576,0.00503936607121712,3.58737600207763,0.00208645115108292,0.222486923415952,0.000607797820024475
