"","mechanisme","miss_perc","method","scaled_MSE","Var_scaled_MSE","test_MSE","Var_test_MSE","MSE","Var_MSE","F1","Var_F1"
"1","MAR1",0.0047615247519485,"MI_EM",0.00251304359784387,2.9216485781123e-07,0.720729763361851,0.0225744152887725,0.739802902200904,0.0360096675908755,NA,NA
"2","MAR1",0.009645412709813,"MI_EM",0.00287728052297121,9.52261159164101e-07,0.550945216924439,0.0246790062900585,0.596372132982926,0.0242339658797088,0.459523347296329,0.0020498423706794
"3","MAR1",0.0302183917218631,"MI_EM",0.00436943774709135,4.19421830094812e-06,1.00653761347391,0.251821804540065,1.03584588267941,0.181018629321913,0.443222098475288,0.000449385524161212
"4","MAR1",0.0498443859229112,"MI_EM",0.00369550051066093,4.29669157684384e-08,1.01124655893962,0.114811485206033,0.990681002270696,0.0325710688804854,0.462531735957402,0.000905323278024297
"5","MAR1",0.0698055489053813,"MI_EM",0.00511183211853222,2.57219019054593e-06,0.927816993061056,0.0436064005276594,0.970737340374763,0.0271416233359216,0.453434549133535,0.000417502151555739
"6","MAR1",0.0995185273854175,"MI_EM",0.00570186946848173,4.19969877731565e-06,1.35766943380857,0.367287853642303,1.3601740359747,0.241528920966942,0.447127058879482,7.09406031203316e-05
"7","MAR1",0.299518527385418,"MI_EM",0.00949623081761584,1.97284544167114e-05,1.22296464311154,0.0367473462911027,1.22339548611737,0.0221533428585327,0.438833067428587,2.60841920418583e-05
"8","MAR1",0.496970180618732,"MI_EM",0.00830795083078275,3.13055223899327e-06,1.10793502847878,0.0103269810712972,1.13892952725198,0.00364490871602331,0.436088464290825,7.36977998949365e-05
